wafer_id,n_rows,BCl3 Flow_mean,BCl3 Flow_std,Cl2 Flow_mean,Cl2 Flow_std,RF Btm Pwr_mean,RF Btm Pwr_std,RF Btm Rfl Pwr_mean,RF Btm Rfl Pwr_std,Endpt A_mean,Endpt A_std,He Press_mean,He Press_std,Pressure_mean,Pressure_std,RF Tuner_mean,RF Tuner_std,RF Load_mean,RF Load_std,RF Phase Err_mean,RF Phase Err_std,RF Pwr_mean,RF Pwr_std,RF Impedance_mean,RF Impedance_std,TCP Tuner_mean,TCP Tuner_std,TCP Phase Err_mean,TCP Phase Err_std,TCP Impedance_mean,TCP Impedance_std,TCP Top Pwr_mean,TCP Top Pwr_std,TCP Rfl Pwr_mean,TCP Rfl Pwr_std,TCP Load_mean,TCP Load_std,Vat Valve_mean,Vat Valve_std,result
l2901.txm,53,751.5283018867924,0.54078908105537,753.188679245283,0.708644528811734,133.67924528301887,2.0264936078175597,0.018867924528301886,0.13736056394868898,1431.0943396226414,336.9364391184271,100.67924528301887,0.7538002414856745,1188.9622641509434,13.250489489000492,9419.22641509434,30.686780860714972,9065.981132075472,31.85754986355873,-809.7547169811321,744.8234149437543,24.11320754716981,0.9127384274067928,16490.67924528302,195.80168279163183,19496.33962264151,243.13204258308747,25.79245283018868,467.4065664958969,16610.377358490565,302.85235209555765,349.9811320754717,4.749455701760988,0.18867924528301888,0.3949977494378391,27817.509433962263,180.7969135459721,48.9811320754717,0.3664048852197759,Pass
l2902.txm,51,751.6862745098039,0.46862334890318125,753.1176470588235,0.6525966234521615,133.15686274509804,1.7131555565051013,0.0196078431372549,0.14002800840280094,1465.8823529411766,353.9635940070009,100.50980392156863,0.7034926870865902,1188.8823529411766,13.336636845657235,9428.176470588236,29.46910645564446,9057.313725490196,34.3700393925172,-954.7647058823529,797.3949482718158,23.313725490196077,0.9897514047159776,16586.92156862745,215.8542881795273,19491.92156862745,247.48816885962577,-11.27450980392157,446.3024122019226,16554.470588235294,282.45285291114885,348.47058823529414,4.900420150054357,0.21568627450980393,0.41539020162714857,27839.647058823528,160.0978230369667,48.98039215686274,0.3156071024822726,Pass
l2903.txm,50,751.46,0.5034574339058532,753.32,0.8191583535332241,133.36,1.9975495191941173,0.0,0.0,1508.94,355.74649366522505,100.66,0.9606545387688256,1188.2,13.687473790861096,9431.84,30.925427091898282,9054.34,38.22522406869652,-1078.42,893.0631554329384,23.24,0.770899289327544,16567.98,236.6589287802781,19463.36,241.71983782884095,-14.76,331.43205416889333,16553.92,319.4426166091844,348.54,4.743244390387108,0.28,0.4535573676110727,27852.8,175.46858547841515,49.0,0.28571428571428514,Pass
l2904.txm,49,751.5918367346939,0.4965869908241461,753.0612244897959,0.7748161950129984,133.12244897959184,1.7985254731448839,0.0,0.0,1509.1020408163265,375.4491335330904,100.53061224489795,0.7101068234288915,1188.8163265306123,14.611173620138244,9428.224489795919,29.629141979169475,9056.367346938776,31.30075470173142,-1078.061224489796,805.3909353062459,23.367346938775512,0.8586296628693788,16542.0,179.70995149592068,19464.65306122449,253.0264767947882,-90.12244897959184,416.92588433342786,16593.428571428572,281.4178388091284,349.46938775510205,4.083003596293655,0.24489795918367346,0.4344830378784442,27823.51020408163,160.883773064204,49.02040816326531,0.3220892680587776,Pass
l2905.txm,50,751.6,0.5345224838247885,753.2,0.6998542122237615,133.24,1.2707060547392646,0.0,0.0,1515.98,384.39570863411905,100.4,0.7284313590846836,1189.38,15.909039915105083,9435.92,30.38718849268209,9051.08,36.75447494620744,-912.2,879.3782590267851,23.4,0.8806305718527093,16579.8,221.3858945048541,19470.0,251.20152085851817,25.76,438.61905558054286,16613.12,259.6748862146902,348.84,5.736955033920391,0.16,0.3703280399090206,27826.72,173.37361332082332,49.04,0.34758643030275466,Pass
l2906.txm,50,751.5,0.5439837932759881,753.3,0.7889543583705159,133.28,2.040808163248978,0.0,0.0,1526.64,387.40301011336754,100.52,0.7351245903010654,1190.34,15.483513285862134,9434.24,25.61294315659261,9046.4,33.830912081185154,-798.36,742.5268430521965,23.72,0.9484681527255903,16543.96,230.79427715467062,19468.92,252.0065467241598,10.44,442.03034155716387,16483.72,277.28067560005763,349.86,5.50698999231978,0.26,0.443087497693452,27812.2,155.4481342730748,49.06,0.31363569143000003,Pass
l2907.txm,50,751.52,0.5046720495044487,753.22,0.7637180802641992,133.1,1.4321384039830984,0.0,0.0,1537.06,389.04327496554725,100.76,0.8703740692415883,1189.66,16.270180561696424,9434.64,35.62718521762029,9050.42,35.25538893530466,-825.56,832.0645373321196,23.8,0.9689042833036087,16599.6,244.3247253729591,19457.76,277.72593743928684,-43.38,386.82580005971255,16537.6,314.88203168417033,349.8,5.5951874364474605,0.32,0.4712120714991613,27832.4,152.18409903797388,49.0,0.2857142857142855,Pass
l2908.txm,50,751.56,0.5014265364223537,753.2,1.01015254455221,133.16,1.9415962294893705,0.02,0.1414213562373095,1548.46,389.49811820037405,100.64,0.7494215456345118,1189.1,15.723698479605552,9448.46,29.44119701426312,9051.52,28.221601221585463,-822.02,808.718474514097,23.56,0.8609439527611062,16639.12,201.71637392686748,19466.4,279.8331864609672,-2.0,436.5397333296366,16453.28,306.61436525314974,349.22,4.404496774517462,0.2,0.4040610178208843,27802.64,168.38509798818228,49.0,0.2857142857142855,Pass
l2909.txm,49,751.5714285714286,0.49999999999996175,753.1836734693877,0.7819172320796802,133.18367346938774,1.6792045411909948,0.0,0.0,1554.7755102040817,383.81431411698077,100.46938775510205,0.7932538689979853,1188.530612244898,16.192979498350923,9436.714285714286,27.057038517423603,9052.448979591836,29.354202726135618,-945.4489795918367,890.5758918911331,24.142857142857142,1.0606601717798207,16560.755102040817,197.43348358922458,19454.0,281.9012829579435,-10.10204081632653,357.9027012155887,16468.85714285714,246.01727581615293,348.9387755102041,5.308829764589139,0.3469387755102041,0.4809288065886704,27835.428571428572,161.44142384572058,49.02040816326531,0.3220892680587776,Pass
l2910.txm,49,751.6122448979592,0.4922874554317478,753.2857142857143,0.6770032003863311,133.6326530612245,1.7040867245025553,0.0,0.0,1554.2857142857142,396.38596510640156,100.57142857142857,0.7905694150420941,1190.3469387755101,16.768709725269275,9443.795918367347,26.158952890483466,9054.040816326531,29.624707582011958,-964.7551020408164,791.6427679887208,24.285714285714285,0.7359800721939872,16457.551020408162,253.52120730033704,19453.877551020407,295.69280460281396,74.24489795918367,450.3581690634432,16553.632653061224,275.8470812694925,349.83673469387753,4.170066640032606,0.24489795918367346,0.4344830378784443,27792.530612244896,132.3277342498544,49.02040816326531,0.32208926805877786,Pass
l2911.txm,49,751.5510204081633,0.5025445456953436,753.1224489795918,0.8811132414268278,133.24489795918367,1.797343088247412,0.0,0.0,1556.6734693877552,392.1321730698242,100.63265306122449,0.8086479856067458,1188.2857142857142,13.85490286264521,9456.714285714286,34.2630753630397,9053.959183673469,36.05028847762191,-850.469387755102,867.309467597947,24.346938775510203,0.830437144123585,16466.69387755102,299.41430354955764,19470.69387755102,265.8350212131609,75.57142857142857,517.7048708804402,16473.95918367347,312.7638858617145,349.9183673469388,4.957472199845893,0.2653061224489796,0.4460712855998855,27793.14285714286,159.64648445863165,48.97959183673469,0.24914820876733898,Pass
l2912.txm,49,751.6734693877551,0.5159035400005,753.2448979591836,0.8044307574536315,133.75510204081633,1.9635279923827829,0.0,0.0,1567.6938775510205,388.36694440104105,100.61224489795919,0.8370664681546147,1188.469387755102,14.658760237505783,9455.061224489797,29.657354458370015,9054.081632653062,32.953146495374156,-795.3061224489796,652.800097148227,24.26530612244898,0.670059394260492,16512.632653061224,253.42928779358903,19444.775510204083,275.955858887651,42.61224489795919,470.297769872385,16523.14285714286,340.2526022432937,349.6326530612245,5.081395303584697,0.2653061224489796,0.44607128559988557,27852.326530612245,186.972077656342,49.02040816326531,0.3220892680587776,Pass
l2913.txm,49,751.6938775510204,0.46565731465734467,753.265306122449,0.8360499936228356,133.57142857142858,1.6072751268321586,0.0,0.0,1564.8163265306123,391.9300890820851,100.57142857142857,0.7637626158259726,1188.0,14.341083176199328,9469.877551020409,29.776691564782165,9048.69387755102,32.12034926233977,-759.6938775510204,756.2763550251112,23.979591836734695,0.9011519460845506,16586.877551020407,213.5479681333409,19407.714285714286,282.0458000632751,32.53061224489796,519.5508116809822,16553.14285714286,266.7533192545751,350.40816326530614,5.537442126661232,0.2653061224489796,0.44607128559988557,27837.591836734693,179.73219874386933,49.02040816326531,0.3220892680587776,Pass
l2914.txm,48,751.5833333333334,0.5392403377381875,753.2291666666666,0.5550381751614331,133.16666666666666,1.960604914613272,0.0,0.0,1570.4166666666667,390.7648709865859,100.58333333333333,0.7389853116132552,1188.5208333333333,14.77921136774496,9462.5,30.16197408743429,9049.854166666666,31.80190652877996,-727.1041666666666,736.654520474463,23.916666666666668,1.0279774261395425,16545.8125,216.93990306661664,19451.0,242.37337119376468,-3.8125,370.03724115340816,16577.583333333332,295.9430532723186,349.6458333333333,5.281398844895665,0.2916666666666667,0.4593396431851038,27826.458333333332,175.9338558413518,48.979166666666664,0.251766806435431,Pass
l2915.txm,49,751.469387755102,0.5042337758225387,753.1428571428571,0.7637626158259688,132.7381181043846,1.3944238210556124,0.0,0.0,1981.0408163265306,517.5755564481893,100.79591836734694,0.8159756899139889,1188.4285714285713,12.927683473847827,9446.224489795919,27.422819957505435,8934.265306122448,28.422977434788805,-756.7755102040817,822.226658361968,23.3265306122449,0.9871624972203732,16444.85714285714,229.8969878010587,19136.48979591837,250.16412299803193,41.755102040816325,489.16840703604,16465.755102040817,283.31008708158896,350.885954381753,4.436397596005579,0.42857142857142855,0.6123724356957946,28004.081632653062,183.90756699298424,48.93877551020408,0.3167651118011931,Fail
l2916.txm,50,751.62,0.5303060340934057,753.24,0.7708992893275537,133.14003416812272,1.7606066546469432,0.0,0.0,1527.26,377.53977003646094,100.68,0.7938539422542752,1187.16,11.949485515353075,9441.0,29.090990259627,9021.38,32.83159876629545,-903.44,888.0943634363113,23.38,0.805339325111736,16348.22,265.79179284330206,19434.72,264.52290823214537,-49.14,393.3486281472278,16528.96,274.2771546283444,349.04,5.138728501511331,0.24,0.43141911058689997,27797.72,189.4468898705726,48.52,0.5046720495044464,Fail
l2917.txm,48,751.5625,0.5421097478586809,753.375,0.7329625110148466,133.55555353329453,2.030343365332237,0.041666666666666664,0.20194093652345885,1582.25,395.266863798398,100.625,0.7033355181304514,1184.0635789641944,39.053113243095176,9457.479166666666,30.30623107289907,9080.479166666666,35.59045388585829,-958.625,752.0051670544528,24.604166666666668,1.0465664902144132,16472.416666666668,231.6220172290355,19425.333333333332,296.219106178599,36.229166666666664,475.1117333124974,16562.25,296.94347194695973,350.4166666666667,4.236785882001726,0.25,0.43759497449368356,27855.375,173.85744037707485,49.041666666666664,0.3548049109337338,Fail
l2918.txm,44,751.4545454545455,0.5036862005093131,753.4318181818181,0.7593671561249377,133.6818181818182,2.7515131335890213,0.06818181818181818,0.2549717059293527,1539.5,403.0975125836958,100.75,0.7193343175916979,1179.3687950476635,70.73227187375858,9652.272727272728,94.76344198357839,9218.113636363636,67.49960065655905,-950.8636363636364,759.7860038656873,24.25,1.8939929520263734,16325.863636363636,223.09207515232717,19513.18181818182,267.74834355358036,-46.81818181818182,403.4686969631913,16467.409090909092,237.22801495233247,349.4243650421743,5.3363508254475525,0.25,0.4380187953915665,28069.272727272728,258.63832731283105,45.38636363636363,1.2240973720751749,Fail
l2919.txm,48,751.5208333333334,0.504852341308706,752.9583333333334,0.7133479152748499,132.875,1.98531845347343,0.0,0.0,1587.5208333333333,402.60513306931256,100.79166666666667,0.6509676376351036,1188.9166666666667,14.346522053635846,9472.229166666666,30.599151415944295,9056.479166666666,38.70125050667172,-843.0833333333334,779.6170591163641,23.8125,1.1233735287545201,16546.854166666668,251.27191252669425,19438.791666666668,283.3344732976662,60.229166666666664,570.4370194629367,16512.625,360.43806827779747,350.4375,4.93750841636773,0.1875,0.3944427796055833,27826.791666666668,149.80994460831457,49.020833333333336,0.32548381881755106,Pass
l2920.txm,48,751.6041666666666,0.5355285054428308,753.2291666666666,0.7784212974425028,133.47916666666666,1.4290241177384004,0.0,0.0,1586.75,398.1665694420823,100.60416666666667,0.7362811481207535,1189.4583333333333,14.163120123447536,9475.770833333334,30.71505250450706,9048.9375,33.43867441763382,-844.2291666666666,677.6027594075586,23.791666666666668,1.030561370122444,16600.729166666668,228.67404466986295,19412.875,280.52015704871815,-37.125,540.3012408379827,16523.125,323.8517933292223,347.7708333333333,5.470382861599565,0.125,0.3342186823915959,27834.583333333332,170.42073509510266,48.958333333333336,0.2886751345948146,Pass
l2921.txm,49,751.6122448979592,0.49228745543176444,753.2244897959183,0.7709654694615327,132.77551020408163,1.770890855408291,0.0,0.0,1577.9591836734694,400.1006622913618,100.81632653061224,0.7819172320796672,1189.3061224489795,14.64895343479165,9461.142857142857,32.97410600253882,9052.836734693878,29.946721397324357,-885.8571428571429,831.3472750100684,24.367346938775512,1.0143527811495625,16490.34693877551,263.8761192160386,19432.326530612245,294.60265526603104,-56.89795918367347,457.011954844453,16441.51020408163,295.71200252166676,349.48979591836735,5.586898546971277,0.22448979591836735,0.42156979070537554,27842.04081632653,160.245899477395,48.97959183673469,0.24914820876733826,Pass
l2922.txm,47,751.6382978723404,0.48568785444140555,753.1276595744681,0.71069535075946,133.14893617021278,1.7690420326347513,0.02127659574468085,0.14586499149789456,1570.5531914893618,394.84844690362115,100.53191489361703,0.6203457601730376,1188.595744680851,14.96177676973254,9463.91489361702,29.053795521886034,9049.234042553191,29.15790053720046,-695.6808510638298,772.661805381185,24.5531914893617,1.0174245114246718,16440.489361702126,217.87939148114162,19415.489361702126,274.27421000828707,147.6595744680851,592.6096771207895,16556.468085106382,316.26302008350626,349.3829787234043,4.341674649303777,0.2553191489361702,0.4407545460261734,27830.425531914894,163.064637048284,48.95744680851064,0.29172998299579067,Pass
l2923.txm,48,751.5208333333334,0.5048523413086515,753.1041666666666,0.6600961675048634,133.66666666666666,1.4779706232265055,0.0,0.0,1559.7708333333333,401.95311675290674,100.60416666666667,0.6760203740267694,1188.3541666666667,13.772451045526324,9460.104166666666,28.460678049467813,9059.4375,34.985654354868174,-757.0208333333334,718.2859173972477,24.583333333333332,0.8463522060806544,16521.791666666668,178.07623974893573,19407.708333333332,301.68744981501317,88.54166666666667,487.05218202384077,16526.625,271.8266519740183,348.4791666666667,4.757925452329952,0.2708333333333333,0.44909286028962947,27839.708333333332,176.71613953352082,48.9375,0.24462302739504269,Pass
l2924.txm,47,751.7446808510638,0.4407545460261535,753.2553191489362,0.84617001854091,133.80851063829786,1.5128191057173728,0.02127659574468085,0.14586499149789456,1572.3191489361702,401.05508167630825,100.65957446808511,0.6684373647831874,1188.872340425532,14.140009564716957,9480.978723404256,31.40097572681072,9055.531914893618,33.37849546185287,-881.2127659574468,764.0801214580841,23.595744680851062,0.9925718562989485,16673.91489361702,226.7829674789878,19424.08510638298,292.9160608201602,16.25531914893617,379.0694824506972,16616.0,232.2244042150684,348.70212765957444,4.596382763117969,0.19148936170212766,0.3977271225536437,27838.936170212764,172.46592659765403,48.97872340425532,0.25446975579476394,Pass
l2925.txm,47,751.468085106383,0.5043749394606899,753.3191489361702,0.8104315269931941,132.9787234042553,1.725629837153715,0.0,0.0,1565.340425531915,397.5981298943283,100.70212765957447,0.6225785655684458,1188.6382978723404,13.386277093765926,9473.148936170213,30.398068247694138,9054.744680851063,35.46674381365947,-826.7021276595744,636.7177695328228,24.106382978723403,0.9608429848019446,16561.23404255319,215.23407003276128,19420.76595744681,290.53310914862107,-77.8936170212766,392.91487262800945,16511.531914893618,317.44310349934716,349.17021276595744,4.997038901172732,0.19148936170212766,0.3977271225536437,27837.44680851064,176.50998352238034,48.93617021276596,0.24709224814516703,Pass
l2926.txm,46,751.5869565217391,0.5406205059012935,753.1739130434783,0.8512565307587655,133.6086956521739,1.7823612412198797,0.0,0.0,1575.608695652174,386.16688840510795,100.6086956521739,0.64904240127078,1188.5869565217392,13.44052923388647,9468.217391304348,27.88062891326236,9050.391304347826,30.483130679748985,-966.7826086956521,671.7194822259752,24.152173913043477,1.2466379908350458,16527.347826086956,192.46358586511377,19386.782608695652,267.7247270399197,45.15217391304348,572.3544343767458,16531.608695652172,312.45056343263644,350.32608695652175,4.6286755860785265,0.32608695652173914,0.5983067896094392,27853.08695652174,167.79548743593992,48.93478260869565,0.24963741822834037,Pass
l2927.txm,47,751.531914893617,0.504374939460672,753.1489361702128,0.7216744841371185,133.5744680851064,1.4557932373954254,0.02127659574468085,0.14586499149789456,1565.0212765957447,392.59712115279876,100.74468085106383,0.6067764113089742,1188.468085106383,14.083371421690682,9463.127659574468,25.327950724083266,9057.978723404256,23.80125075422102,-878.5531914893617,881.9002163932014,24.382978723404257,1.0332134652407774,16534.574468085106,252.98339391118074,19436.0,289.8155335351453,-11.574468085106384,438.4465038351366,16528.85106382979,326.1399392047775,349.17021276595744,5.263984062914332,0.19148936170212766,0.3977271225536437,27843.617021276597,162.97433156008364,48.95744680851064,0.2917299829957897,Pass
l2928.txm,48,751.5416666666666,0.5035336128709289,753.3125,0.7761402044870922,133.39583333333334,1.5122138671966487,0.0,0.0,1568.625,394.4925436827376,100.45833333333333,0.5035336128708574,1188.4583333333333,15.520690834226192,9448.958333333334,32.20873301248448,9051.3125,34.559326881004445,-755.25,860.4683163279489,24.625,0.7888855592111654,16430.5625,261.0133204597947,19450.458333333332,271.89273215998094,-38.229166666666664,422.54634592001213,16524.166666666668,367.1493019591322,348.6458333333333,4.545231699888762,0.25,0.43759497449368356,27838.541666666668,180.1355232528773,48.958333333333336,0.2886751345948144,Pass
l2929.txm,47,751.5957446808511,0.49605287534105397,753.1063829787234,0.6670520008799357,133.6595744680851,1.832989904200016,0.02127659574468085,0.14586499149789456,1563.7021276595744,393.7347879680486,100.76595744680851,0.6663582388608125,1188.3617021276596,13.410614763840034,9461.234042553191,31.04849836455481,9051.744680851063,33.401033624403865,-801.9148936170212,758.8616712403558,24.80851063829787,1.0350025808062837,16483.44680851064,257.1512673176461,19439.531914893618,289.71926824786556,137.36170212765958,549.2371557751682,16459.659574468085,308.46022057645604,350.25531914893617,4.975890067228889,0.2127659574468085,0.4136880894317001,27828.127659574468,162.44779991300962,48.97872340425532,0.25446975579476394,Pass
l2930.txm,48,751.4583333333334,0.503533612870838,753.3958333333334,0.5738849811863233,132.8125,1.93133456228831,0.0,0.0,1568.2083333333333,386.92079338620454,100.60416666666667,0.7067932778321071,1188.375,13.565640262983571,9455.729166666666,30.19985880151131,9050.0625,31.735211835007316,-829.0625,779.1594599924618,24.8125,1.1233735287545177,16445.145833333332,234.64876328233572,19406.666666666668,281.49852297963605,-23.895833333333332,472.26346053075315,16473.416666666668,348.2569260256322,349.0416666666667,5.375113391513822,0.2916666666666667,0.682870453847279,27842.208333333332,144.5434423887457,48.9375,0.24462302739504327,Pass
l2931.txm,48,751.5208333333334,0.5048523413086239,753.125,0.8660254037844334,132.875,1.7212687057652554,0.020833333333333332,0.14433756729740643,1545.8125,407.0779974533606,100.54166666666667,0.5441500627401817,1188.4375,13.327153931537445,9444.25,29.853899563523296,9056.125,30.06703503414806,-877.4375,752.2427716502166,24.604166666666668,0.7919698934029855,16495.0625,233.23628839313065,19459.208333333332,268.60419019983243,49.604166666666664,565.2752949945767,16508.625,312.20619379955986,350.2708333333333,4.932478481618674,0.375,0.5309565835518204,27842.875,180.9097135813489,48.958333333333336,0.2886751345948146,Pass
l2932.txm,47,751.6382978723404,0.5285555342832625,753.2765957446809,0.8521616416266161,132.80851063829786,2.2711642089498483,0.06382978723404255,0.2470922481451654,1562.127659574468,398.824556449339,100.53191489361703,0.6203457601730404,1188.1702127659576,13.102139136558852,9455.425531914894,26.974822948084064,9054.659574468085,35.705484048243214,-890.3191489361702,792.5751125118509,24.4468085106383,1.0174245114246716,16522.36170212766,201.41417694715807,19446.59574468085,279.4369851632931,-44.38297872340426,443.0410008110198,16556.212765957447,299.4314130779115,349.40425531914894,5.186351546914046,0.2127659574468085,0.4136880894317001,27826.59574468085,172.9146132047808,48.93617021276596,0.24709224814516703,Pass
l2933.txm,47,751.5106382978723,0.505291152639891,753.1063829787234,0.6670520008799189,133.12765957446808,1.4538856673635208,0.02127659574468085,0.14586499149789456,1562.0212765957447,393.7183107668698,100.48936170212765,0.7184627437477608,1187.7021276595744,12.36037654839572,9460.659574468085,28.061482649899716,9051.234042553191,37.649535343259785,-906.4468085106383,881.7859300629514,24.4468085106383,1.0995752270426957,16522.40425531915,232.773976916073,19421.44680851064,292.08417551695254,17.106382978723403,403.0799485937895,16524.510638297874,300.8106346654722,349.48936170212767,4.822376919003345,0.14893617021276595,0.3598745798587226,27804.468085106382,153.94985788205727,48.91489361702128,0.2820566728469693,Pass
l2934.txm,48,751.5833333333334,0.5392403377381426,753.1875,0.8667928167872903,133.04166666666666,1.675332083096509,0.0,0.0,1563.6458333333333,393.18283817784896,100.625,0.6058228095703776,1188.3541666666667,14.626541865743773,9447.9375,30.472454425651314,9056.416666666666,31.994569574686867,-593.9375,798.1727111732786,24.645833333333332,0.910683244400162,16471.8125,221.72780478526778,19422.666666666668,284.9884904979718,-21.333333333333332,424.645801507078,16535.5,339.89848296720095,350.0208333333333,5.751926905009081,0.3125,0.46841743521886675,27858.291666666668,176.65062987564156,48.958333333333336,0.20194093652345976,Pass
l2935.txm,48,751.6041666666666,0.535528505442839,753.1458333333334,0.6838434352771273,133.0,2.2313053139934276,0.0,0.0,1548.3958333333333,399.61575904346745,100.60416666666667,0.5355285054428398,1188.7291666666667,13.99352370469141,9469.604166666666,27.90694230971924,9045.1875,29.82192271581558,-1002.2083333333334,718.3149003739868,24.520833333333332,0.771557786844067,16503.0,241.56008899597532,19418.0,291.21608559734364,31.333333333333332,457.5591734006876,16553.708333333332,240.2849335492768,348.9166666666667,5.0983240188731065,0.3125,0.46841743521886686,27824.541666666668,160.27250176713048,48.958333333333336,0.2886751345948146,Pass
l2936.txm,46,751.4805682307361,0.5030519629285513,753.3478260869565,0.9710793835120238,133.58695652173913,1.4843792111559884,0.0,0.0,1650.7391304347825,413.831282571512,100.5,0.5055250296034359,1188.5652173913043,16.107489181417126,9451.08695652174,29.64293139422125,9030.065217391304,33.38223224938231,-907.7391304347826,819.9243172332054,24.23913043478261,1.057980940989763,16516.369565217392,206.32470188684496,19323.521739130436,282.3259533966949,33.0,482.70464859764684,16560.17391304348,322.33256148462124,348.8096257283729,5.07407609862895,0.2826086956521739,0.45524320622233805,27866.91304347826,177.5621113347184,48.93478260869565,0.24963741822833957,Fail
l2937.txm,48,751.6247607260726,0.5074080659248065,753.3125,0.7482248495819392,133.45833333333334,1.6625836511776204,0.020833333333333332,0.1443375672974064,1508.375,379.70114928184967,100.5625,0.6156211186290874,1194.819365079365,37.747548217762336,9434.416666666666,28.011269262098086,9058.645833333334,38.285872947810454,-904.2708333333334,678.613910837576,24.520833333333332,0.6838434352771314,16485.708333333332,244.76710235888143,19411.833333333332,291.05759708809626,67.0625,450.58989261831795,16551.083333333332,323.0300581056143,350.0625,5.1007143846761895,0.20833333333333334,0.4104140790860576,27827.583333333332,151.71190970421327,49.145833333333336,0.3566739576374148,Fail
l2938.txm,50,751.52,0.5046720495045011,753.2617106796117,0.8028354352771199,133.52,2.2878561393334347,0.04,0.1979486637221574,1609.62,400.87999578478366,100.8,0.6388765649999391,1193.7029333333332,62.03390961073212,9445.36,29.465136784245136,8970.88,45.79931378150905,-677.48,859.1561175279579,22.56,1.2642655365621471,16662.66,255.97788568386864,19316.64,332.32819775097175,19.14,764.0472794965782,16654.64,406.12784555946837,349.2,5.809914116475075,0.34,0.4785181206984065,27760.24,164.17643073280465,52.7,1.2163847404233126,Fail
l2939.txm,49,751.6326530612245,0.5281207860195233,753.2470536952644,0.8001168374123804,133.3265306122449,1.7125487231759864,0.0,0.0,1530.061224489796,378.4902248937693,100.36980841316118,0.6088897244407263,1185.4897959183672,10.342312863868916,9476.0,30.825449442519496,9063.224489795919,30.275997992168225,-682.3061224489796,699.6393476904617,24.53061224489796,0.7665409539050118,16480.14285714286,250.33344429646857,19417.836734693876,295.8090140430404,-3.4285714285714284,393.86731056706566,16538.816326530614,288.9769074878207,348.3673469387755,4.965270542943868,0.16326530612244897,0.3734377890799553,27803.79591836735,173.00348980004037,48.142857142857146,0.4082482904638628,Fail
l2940.txm,46,751.6086956521739,0.536584294695625,753.2391304347826,0.7050542172594725,133.2826086956522,1.80939576750866,0.0,0.0,1560.7391304347825,361.51480281864644,100.5962511091393,1.5026484779399492,1189.7608695652175,16.847267872940417,9475.630434782608,27.212218412285043,9039.91304347826,39.87470715292352,-910.2173913043479,757.5632841344669,24.52173913043478,1.2951041216791568,16491.217391304348,202.76959152293267,19413.869565217392,295.9448603819194,100.23913043478261,588.5308331310209,16528.217391304348,328.57056830685207,349.5277527752775,5.065315603183848,0.21739130434782608,0.41702882811414943,27838.82608695652,165.42394081038046,49.02173913043478,0.3326079062855712,Fail
l2941.txm,46,751.5434782608696,0.503610155185296,753.1521739130435,0.7878914562678899,132.56521739130434,2.018274003125147,0.021739130434782608,0.14744195615489714,1554.2608695652175,380.3722991890158,100.6086956521739,0.5365842946956355,1187.7826086956522,12.569651358160316,9472.152173913044,30.9271311248475,9051.45652173913,32.38086301899751,-1055.108695652174,584.3885400146747,24.76086956521739,1.0151033359262986,16440.347826086956,240.5727626026678,19444.043478260868,287.79946386497346,20.282608695652176,505.22024517557264,16525.739130434784,333.3734932329475,349.30434782608694,4.78362747164112,0.2391304347826087,0.5650873131628285,27838.82608695652,162.9410669670098,48.91304347826087,0.2848849246447677,Pass
l2942.txm,46,751.5,0.5055250296034356,753.0652173913044,0.6799403213369084,133.2608695652174,1.8188492406976675,0.0,0.0,1557.9347826086957,381.3475173454093,100.45652173913044,0.5852453137742211,1187.9565217391305,13.26642633239452,9461.717391304348,25.326896588829328,9051.565217391304,28.89879057362704,-1049.8260869565217,716.5963160617257,24.565217391304348,0.8340576562282964,16496.956521739132,198.6403737099617,19418.82608695652,282.03816166909024,36.608695652173914,597.7080475825363,16486.91304347826,344.5898577269925,349.67391304347825,4.812272957189014,0.41304347826086957,0.49782134039886405,27844.347826086956,173.5784443083374,48.93478260869565,0.24963741822834037,Pass
l2943.txm,47,751.5106382978723,0.5466236454872018,753.1914893617021,0.7700451108282114,133.38297872340425,1.437890838956441,0.02127659574468085,0.14586499149789456,1547.468085106383,384.9150584481809,100.53191489361703,0.5043749394606827,1189.5531914893618,16.912573802838118,9471.382978723404,30.484174933382995,9041.31914893617,36.21500192568456,-1049.4468085106382,868.3154057416515,25.319148936170212,0.8368258605074654,16492.23404255319,234.2558256679848,19453.489361702126,293.3665071085344,147.2127659574468,587.7951408948312,16468.85106382979,302.3757365124594,350.3829787234043,5.581620426587057,0.3617021276595745,0.48568785444140605,27832.425531914894,184.49834978416686,48.93617021276596,0.24709224814516723,Pass
l3101.txm,51,751.6078431372549,0.5321064319306278,753.3137254901961,0.8364256351507047,133.4313725490196,1.8574703438901405,0.0784313725490196,0.2715243823233531,2424.549019607843,585.2386970707078,100.6470588235294,0.6268502025768096,1191.3529411764705,22.72164037160323,9465.490196078432,35.637829647171024,9036.21568627451,46.80611657699881,-483.29411764705884,807.2057307556146,27.274509803921568,0.8961792537779236,16349.254901960785,244.07038682619955,19538.980392156864,257.89776968373263,-29.41176470588235,454.08392072261654,16517.29411764706,369.71855750652554,349.98039215686276,6.313446589869697,0.39215686274509803,0.49308949989019313,27782.392156862745,166.39616322876705,49.15686274509804,0.367290022712723,Pass
l3102.txm,49,751.5714285714286,0.5000000000000435,753.3469387755102,0.8304371441235733,133.24489795918367,1.5347449875698433,0.0,0.0,2487.122448979592,602.0543176163959,100.81632653061224,0.7266782124777047,1192.4285714285713,23.27731370526536,9462.081632653062,33.200048151755894,9034.102040816326,31.610418178426077,-1208.5510204081634,871.7899943321712,27.081632653061224,1.169699653292058,16483.551020408162,173.71517171609776,19500.938775510203,268.0960965900153,-49.38775510204081,415.7768740726273,16478.448979591838,321.5401129216805,349.9183673469388,4.953268006637455,0.32653061224489793,0.47380354147934284,27784.122448979593,163.5366463331019,49.16326530612245,0.3734377890799555,Pass
l3103.txm,50,751.56,0.5405967979549607,753.34,0.894655332105822,133.6,1.4982983545287858,0.0,0.0,2516.3,624.471278403595,100.54,0.8134080483135294,1191.86,21.930325662731708,9473.24,34.05910828461106,9020.28,36.911941544321635,-1136.78,882.3987550179015,27.34,1.3341664064126337,16538.08,232.53420551543402,19490.68,268.0071914965683,4.92,543.8571931404532,16562.72,367.3356381028232,349.3,5.1438491106825275,0.26,0.443087497693452,27787.36,166.72668089555725,49.18,0.38808793449160395,Pass
l3104.txm,49,751.5714285714286,0.5000000000000108,753.1836734693877,0.8820777882305966,133.26530612244898,1.8001795073001436,0.0,0.0,2536.2448979591836,632.7956005763974,100.63265306122449,0.66751646518458,1192.857142857143,24.07020980382185,9464.795918367347,28.562781429566904,9029.30612244898,38.089370827935994,-1345.8979591836735,1006.4930916491255,27.571428571428573,1.0408329997330648,16473.244897959183,224.11218643537367,19483.020408163266,272.9069201666201,-1.1020408163265305,542.9593387514528,16558.163265306124,352.190724072127,349.44897959183675,5.323146095472257,0.1836734693877551,0.39123039821797573,27781.061224489797,190.05223055817137,49.12244897959184,0.3312006605534171,Pass
l3105.txm,49,751.5918367346939,0.5369034420847644,753.265306122449,0.7576144084141624,132.9591836734694,2.040824829914264,0.0,0.0,2539.591836734694,655.3094980734722,100.59183673469387,0.7336656637205049,1192.2857142857142,23.541629793481455,9462.163265306122,29.563735484243765,9037.469387755102,39.745598310178025,-1204.3673469387754,913.8195868139936,27.591836734693878,0.8878430639040007,16543.244897959183,235.6304955691793,19469.877551020407,288.0336809481581,-63.204081632653065,385.7913933068749,16572.448979591838,307.3183109053003,349.0408163265306,5.066060203589628,0.2653061224489796,0.4460712855998856,27766.20408163265,179.80927158981564,49.16326530612245,0.37343778907995556,Pass
l3106.txm,49,751.6326530612245,0.48707791774955,753.265306122449,0.7295977831449622,133.24489795918367,1.7622264828536494,0.0,0.0,2558.061224489796,651.5198707689603,100.61224489795919,0.7587359699584862,1191.7755102040817,23.374902233416268,9464.918367346938,28.713989574402714,9037.69387755102,32.11321384416958,-1022.9183673469388,824.2503118171156,26.73469387755102,1.303449113635332,16733.285714285714,249.9616637273287,19450.571428571428,278.1681146357369,0.6530612244897959,377.47591264324444,16534.0,328.31742770272393,349.3673469387755,5.356825387418602,0.20408163265306123,0.4072055089639778,27796.0,162.4279327373647,49.326530612244895,0.4738035414793464,Pass
l3107.txm,47,751.5531914893617,0.5025375018797428,753.1914893617021,0.8757182858595093,133.06382978723406,1.6205776656482052,0.02127659574468085,0.1458649914978945,2580.595744680851,647.7466513455124,100.44680851063829,0.6530367403705698,1192.404255319149,23.816928190997498,9461.446808510638,28.99760748049721,9024.297872340425,31.379108872553196,-1274.0851063829787,1010.336616952967,27.617021276595743,1.0945158049857269,16501.44680851064,228.7372527700934,19467.574468085106,284.33383201722853,-42.04255319148936,561.3011652846101,16578.63829787234,333.9818027802478,348.51063829787233,4.858306828092756,0.46808510638297873,0.5043749394606821,27782.936170212764,163.61186895599764,49.297872340425535,0.4622672677434692,Pass
l3108.txm,49,751.5918367346939,0.5369034420847109,753.3265306122449,0.8007224628952256,133.3469387755102,1.8320186999609984,0.0,0.0,2569.326530612245,656.6757313594455,100.81632653061224,0.726678212477704,1192.9591836734694,24.163470349263303,9458.0,29.243945242277583,9026.510204081633,34.910673182292584,-1235.3877551020407,926.9709590993699,27.612244897959183,1.3041013273932516,16522.020408163266,238.0891368265892,19440.081632653062,271.4749709714449,-42.91836734693877,535.3930346302726,16555.26530612245,263.35042999697447,349.83673469387753,5.705797266726155,0.2653061224489796,0.4460712855998856,27782.938775510203,182.07008817156887,49.795918367346935,0.40720550896397884,Pass
l3109.txm,47,751.5106382978723,0.5466236454872853,753.0,0.8597269536210944,133.17021276595744,1.948457014243639,0.0,0.0,2575.978723404255,654.5909273326058,100.68085106382979,0.662878537589407,1193.0,24.753568034422447,9456.787234042553,30.215124466580722,9024.404255319148,32.847910114494624,-1332.3617021276596,936.7017859984533,27.595744680851062,0.9477564920260958,16624.76595744681,264.7799096514727,19449.40425531915,277.3097200803899,4.829787234042553,468.13075649906665,16578.17021276596,358.0917613241259,350.78723404255317,4.699380950039962,0.3191489361702128,0.4711864293980077,27809.14893617021,208.2013008691976,49.297872340425535,0.4622672677434677,Pass
l3110.txm,47,751.3617021276596,0.5681982169023942,752.9787234042553,0.7067796440970031,133.48936170212767,1.9546192826841025,0.0,0.0,2577.2978723404253,654.5064159147987,100.57446808510639,0.6834910657812383,1193.8510638297873,26.79225936510661,9439.978723404256,31.506030728226186,9033.63829787234,37.696975736104555,-932.4255319148937,830.840819387226,28.02127659574468,1.2767036648802248,16501.936170212764,209.4845023068603,19469.063829787236,286.15224013248684,-32.59574468085106,522.6281685770432,16616.0,291.05236343460615,349.1063829787234,4.841999418822546,0.2553191489361702,0.4407545460261734,27795.91489361702,170.47705822794393,49.638297872340424,0.48568785444140594,Pass
l3111.txm,48,751.5416666666666,0.5441500627402048,753.25,0.8629489272627023,133.58333333333334,2.171707175642603,0.020833333333333332,0.1443375672974064,2574.9583333333335,656.4968914166435,100.66666666666667,0.7809795631219705,1192.8541666666667,24.300415532156258,9465.708333333334,25.915540670164358,9032.645833333334,30.533894374510265,-1096.4375,891.4569453273335,27.6875,1.0749814446691512,16646.416666666668,209.8772522044919,19462.125,279.70452685007723,-60.958333333333336,350.69505200892996,16549.541666666668,309.8802073508431,348.9166666666667,4.593396431851035,0.3333333333333333,0.5954913341754137,27787.916666666668,158.09878857965535,49.854166666666664,0.3566739576374164,Pass
l3112.txm,47,751.5106382978723,0.5052911526399382,753.2978723404256,0.8318364601243402,133.04255319148936,1.6010519206271718,0.0,0.0,2576.148936170213,638.553017060189,100.51063829787235,0.7481089325914586,1191.787234042553,22.97913625558474,9468.404255319148,31.177374442868206,9024.510638297872,36.36522008997603,-1438.1489361702127,970.4858930660187,27.638297872340427,1.0718844015157443,16596.76595744681,227.8923480377779,19437.14893617021,271.8441832088666,-17.97872340425532,592.9665468004259,16577.957446808512,321.55180510650564,348.74468085106383,4.575302722730515,0.40425531914893614,0.49605287534106196,27783.36170212766,167.294120784963,49.46808510638298,0.5043749394606799,Pass
l3113.txm,49,751.5918367346939,0.49658699082411745,752.8979591836735,0.8718968296952502,132.85714285714286,1.7795130420052268,0.02040816326530612,0.14285714285714285,2543.734693877551,671.7847117787005,100.46938775510205,0.7665409539050113,1192.6938775510205,24.290948315535676,9472.897959183674,29.344395332242925,9026.020408163266,34.4332021189327,-1179.938775510204,724.9174495578577,27.46938775510204,1.1744154719179538,16679.65306122449,240.55781971461886,19479.95918367347,269.5358633515269,0.3877551020408163,518.2268975525477,16516.081632653062,344.1235144497965,349.0408163265306,4.962186949292404,0.2653061224489796,0.44607128559988557,27790.285714285714,183.11972404231318,49.36734693877551,0.48707791774949366,Pass
l3114.txm,47,751.5744680851063,0.499768679145649,753.2127659574468,0.9310155794886988,133.04255319148936,1.9555656004750452,0.0,0.0,2575.6382978723404,653.4255030733074,100.53191489361703,0.717818671234844,1192.1702127659576,24.719574314732274,9465.702127659575,30.782487182061402,9035.27659574468,35.844290144809015,-1395.659574468085,1016.0402096758158,27.4468085106383,0.9958284870288489,16622.59574468085,223.5953895820926,19438.0,296.9104681329988,-90.97872340425532,478.4464210320053,16589.489361702126,378.87624871570955,349.0851063829787,3.8438532933256564,0.2553191489361702,0.4407545460261734,27793.574468085106,194.631395729249,49.765957446808514,0.42797632794384294,Pass
l3115.txm,48,751.375,0.4892460547901123,753.3125,0.9261278345657723,133.02083333333334,1.8848735307575317,0.020833333333333332,0.14433756729740643,2581.5,648.5210999044492,100.70833333333333,0.7706955502698035,1192.2708333333333,24.471207209075494,9458.083333333334,31.973947728320166,9025.1875,37.936484572270516,-1251.7083333333333,1018.487739161692,27.729166666666668,1.1437077318469628,16569.291666666668,221.4807957990983,19446.208333333332,286.2610739906304,25.75,445.9894808415067,16698.541666666668,330.9408225259991,348.5208333333333,3.8481251767434124,0.3541666666666667,0.4833211052500624,27812.25,172.15313568930185,49.333333333333336,0.47639306734033376,Pass
l3116.txm,48,751.5,0.5052911526398955,753.1666666666666,0.8077637460938399,132.83333333333334,2.503897670852249,0.0,0.0,2571.2708333333335,642.1221379007809,100.58333333333333,0.6468691647559439,1191.9375,23.022104318112248,9470.895833333334,28.43973814355126,9022.416666666666,29.055949940594907,-1384.5416666666667,958.830203909471,27.791666666666668,1.0305613701224472,16546.145833333332,217.87161841306607,19454.208333333332,304.82537437892006,-105.91666666666667,379.9860486427371,16492.75,377.8820315749796,348.6041666666667,4.369817092103476,0.375,0.4892460547900817,27791.333333333332,163.7784353525357,49.395833333333336,0.494203994978271,Pass
l3117.txm,47,751.4893617021277,0.505291152639925,753.3617021276596,0.9190148769883152,134.14893617021278,1.876383239387575,0.0,0.0,2549.021276595745,667.4292826686227,100.80851063829788,0.7113458729558504,1192.8510638297873,24.210111724509385,9460.170212765957,25.86194043371879,9029.08510638298,32.15643135837423,-1142.1063829787233,1048.0532311830134,27.72340425531915,1.0363423905333013,16609.978723404256,267.97075516634584,19447.702127659573,300.2957900422758,-75.59574468085107,451.67681113892604,16644.63829787234,318.01670899032894,349.6170212765957,4.9455873678038484,0.3617021276595745,0.48568785444140605,27799.489361702126,188.6429653144452,49.829787234042556,0.37988264413072104,Pass
l3118.txm,47,751.5957446808511,0.49605287534111464,753.1702127659574,0.7609818867800885,133.2340425531915,1.696707373471729,0.0,0.0,2560.0425531914893,653.3338569098067,100.72340425531915,0.7431462978320607,1192.3829787234042,23.52200929702017,9465.553191489362,28.343244353152542,9026.765957446809,34.53241247818293,-1297.5531914893618,925.9766127319573,27.48936170212766,0.8564928595740788,16616.59574468085,245.81219939783878,19437.191489361703,292.59429088146766,6.680851063829787,454.7470441801291,16464.212765957447,296.168058649009,349.40425531914894,5.011550026940314,0.19148936170212766,0.39772712255364373,27782.59574468085,161.1318201341981,49.319148936170215,0.4711864293980061,Pass
l3119.txm,48,751.5833333333334,0.49822379545197787,753.25,0.7293249574894705,133.27083333333334,1.975806685062479,0.0,0.0,2571.3125,646.0040891857271,100.5625,0.7117927620945641,1191.9375,23.378846821932928,9467.729166666666,28.74520465712743,9032.604166666666,33.74418126882871,-1151.2291666666667,851.0807957140927,27.229166666666668,1.4178134699109712,16683.25,268.696498880499,19444.666666666668,301.878468806699,-66.52083333333333,495.42923532661257,16586.291666666668,314.64995466650174,350.0625,4.012778789943602,0.25,0.43759497449368356,27803.958333333332,162.67889770607962,49.75,0.4375949744936837,Pass
l3120.txm,47,751.5744680851063,0.4997686791455853,753.1265255995947,0.7408929742185819,133.2127659574468,1.545486699938073,0.02127659574468085,0.1458649914978945,2981.3829787234044,748.5208763372425,100.59574468085107,0.6480597955531519,1191.531914893617,24.695406247554008,9424.27659574468,22.731611897607724,8952.617021276596,34.53388581082637,-1358.404255319149,1056.4038189429034,27.5531914893617,1.0385715658139756,16365.170212765957,225.00727709477763,19228.63829787234,270.0798936169996,46.87234042553192,486.4707693538305,16615.14893617021,319.19021034373634,350.48350792526065,5.307607189808716,0.2978723404255319,0.462267267743469,27939.021276595744,189.227662441614,49.12765957446808,0.33731814917823805,Fail
l3121.txm,45,751.5333333333333,0.504524979109557,753.2812208880464,0.7065802118602984,133.4392919291929,2.084554891588495,0.0,0.0,2546.1555555555556,654.5443923953223,100.4888888888889,0.6260344973874785,1195.4666666666667,30.74277446520045,9477.755555555555,35.75113193093928,9020.844444444445,35.11407096589592,-1181.0222222222221,1030.2745328946614,27.288888888888888,1.3420171761233533,16604.577777777777,232.69268544280825,19440.0,304.430914688676,-9.355555555555556,525.6532799356156,16645.066666666666,354.6331266893358,348.75555555555553,3.868024839839593,0.37777777777777777,0.4903101471559001,27805.68888888889,172.14051108195142,49.93333333333333,0.44721359549995854,Fail
l3122.txm,3,742.1564625850339,15.31745612135748,753.0,1.0,138.17875787578757,4.59506799210021,0.0,0.0,1017.6666666666666,30.98924544633725,101.0,0.0,1255.0,22.538855339169288,9447.666666666666,29.091808698211462,9055.0,42.2965719651132,-717.0,483.00414076900006,30.666666666666668,0.5773502691896263,16527.0,148.71449156017042,20075.333333333332,99.92663975804064,-733.3333333333334,875.8940194643034,16191.333333333334,221.65137791886892,346.3333333333333,4.1633319989322635,0.0,0.0,27366.666666666668,125.00133332622275,49.0,0.0,Fail
l3123.txm,47,751.6595744680851,0.5223939769561221,753.3404255319149,0.7002048068300489,133.38297872340425,1.3278487258222977,0.02127659574468085,0.1458649914978945,2580.659574468085,637.846556326211,100.74468085106383,0.7061249152449554,1192.4468085106382,23.238656429244145,9465.936170212766,33.552298084527834,9025.08510638298,39.760604156919385,-1230.404255319149,1046.8549099995635,27.617021276595743,1.0744703748796376,16549.36170212766,209.26376382263004,19451.36170212766,293.75858363273386,17.46808510638298,477.6058886036291,16516.0,335.6190905074433,349.21276595744683,4.9560510674491365,0.2978723404255319,0.4622672677434689,27785.744680851065,154.4378963525058,49.191489361702125,0.39772712255364295,Pass
l3124.txm,48,751.5208333333334,0.5048523413086548,753.0625,0.7553004193063068,133.04166666666666,1.8788671703906072,0.0,0.0,2561.0416666666665,650.6993932336267,100.72916666666667,0.7919698934029842,1192.1041666666667,22.530584020660957,9455.3125,27.511047104136125,9027.770833333334,35.52059012312494,-1308.8541666666667,957.0783998119092,27.708333333333332,1.0710570108856827,16481.604166666668,240.25666590999128,19449.958333333332,284.8696572666263,16.833333333333332,455.76693994419924,16437.875,330.25931945231537,349.9375,5.113212963344149,0.3958333333333333,0.4942039949782703,27807.333333333332,143.30407090375596,49.395833333333336,0.49420399497826994,Pass
l3125.txm,3,751.0,0.0,752.3333333333334,1.154700538379268,133.33333333333334,1.5275252316519428,0.0,0.0,993.3333333333334,30.005555041247487,100.33333333333333,0.5773502691896247,1262.6666666666667,1.5275252316519776,9444.0,48.590122453025366,9013.0,38.93584466786357,-1579.0,203.61974363995256,30.0,0.0,16558.0,198.65296373324009,20074.666666666668,39.004273270160716,130.33333333333334,787.5064020903787,16320.666666666666,234.94963999404897,351.6666666666667,5.033222956847167,0.6666666666666666,0.5773502691896258,27460.666666666668,139.43218184240496,49.0,0.0,Pass
l3126.txm,47,751.5531914893617,0.5025375018797364,753.1276595744681,0.9694691796477055,133.27659574468086,1.4700211128264125,0.0,0.0,2575.255319148936,645.7984767134709,100.63829787234043,0.6732636900202785,1192.9787234042553,24.319869637899824,9438.404255319148,35.326218600764975,9030.510638297872,35.86803854010074,-1317.3617021276596,834.1864671520681,28.27659574468085,1.097469969076592,16506.68085106383,201.31125655723105,19437.82978723404,284.7359813817546,9.680851063829786,415.9848506011905,16631.191489361703,349.0022198943887,348.72340425531917,4.590643261070966,0.40425531914893614,0.4960528753410618,27779.91489361702,182.31838250556362,49.276595744680854,0.4521507857175259,Pass
l3127.txm,47,751.5531914893617,0.5025375018797539,753.1702127659574,0.6698198633951689,133.36170212765958,2.0261929595532595,0.02127659574468085,0.14586499149789453,2573.6170212765956,642.787460755091,100.63829787234043,0.735010556413206,1192.3191489361702,24.845703314114303,9472.872340425532,30.445687223156806,9021.63829787234,30.101585637791914,-1340.595744680851,953.2933911166679,27.19148936170213,1.2621289445656707,16683.617021276597,218.0500095402417,19456.63829787234,287.2744805878869,117.34042553191489,521.8044059921864,16532.72340425532,316.6513445503593,349.4255319148936,5.148848249644995,0.2978723404255319,0.4622672677434689,27786.0,172.8427282116675,49.851063829787236,0.3598745798587224,Pass
l3128.txm,46,751.5869565217391,0.49782134039881315,753.2173913043479,0.786357099492777,133.2391304347826,1.5660961033189897,0.0,0.0,2564.282608695652,641.626393993108,100.43478260869566,0.6549698521660197,1192.0434782608695,24.529308113392343,9468.826086956522,31.344185601391608,9028.434782608696,37.96118027313509,-1156.9565217391305,877.7423047929207,27.23913043478261,1.4634021640409725,16719.978260869564,210.87726700412824,19399.478260869564,307.5805035817073,15.347826086956522,561.4788891803227,16541.260869565216,385.59330531202073,349.4130434782609,4.791548517762042,0.32608695652173914,0.4739595775584879,27792.130434782608,176.22228496931618,49.82608695652174,0.38322304651683203,Pass
l3129.txm,46,751.5869565217391,0.49782134039889564,753.2391304347826,0.8739382792520295,133.54347826086956,1.9288052921620802,0.0,0.0,2560.391304347826,651.0354650951009,100.6086956521739,0.6824225106865883,1192.3478260869565,24.877671730381778,9460.54347826087,33.41769758791446,9027.41304347826,34.11912209822562,-1193.7608695652175,909.86602639638,27.82608695652174,1.1605429347428942,16582.739130434784,217.81086951579604,19445.17391304348,267.4134796193446,-116.19565217391305,360.4102366017688,16560.043478260868,340.8343981415638,350.82608695652175,4.658585134881317,0.2826086956521739,0.4552432062223381,27795.608695652172,186.27703123882466,49.32608695652174,0.47395957755848905,Pass
l3130.txm,46,751.6086956521739,0.4934351637951655,753.1739130434783,0.8247382837694296,132.8695652173913,2.104056353831,0.043478260869565216,0.2061845709423622,2567.3695652173915,642.8613936904164,100.34782608695652,0.5663682078470704,1192.6304347826087,23.7228054324218,9445.304347826086,30.5954750214386,9016.695652173914,38.419248396383196,-939.9782608695652,933.192596273208,28.17391304347826,1.1215930699200802,16447.630434782608,260.8049384924084,19443.739130434784,318.5030566595074,-24.608695652173914,480.44393722014456,16565.739130434784,353.0219026747721,349.5217391304348,4.0207192857595935,0.30434782608695654,0.4652151338606117,27794.304347826088,190.21810517464408,49.76086956521739,0.4312659714888864,Pass
l3131.txm,47,751.531914893617,0.5457768229098179,753.1063829787234,0.5983325581470333,133.06382978723406,1.982579076981481,0.0,0.0,2561.723404255319,626.154505940745,100.7872340425532,0.8058527811597266,1191.4893617021276,22.570539031941877,9491.446808510638,27.25548090922197,9016.404255319148,34.69786334385809,-1424.5744680851064,846.1686476131783,27.0,0.9325048082403149,16729.063829787236,215.72097560378506,19411.31914893617,312.0625011521667,-1.1063829787234043,585.1322494156326,16598.382978723403,383.8336683009572,349.468085106383,4.675798298871545,0.3191489361702128,0.5152619839638948,27807.106382978724,177.37251809613414,49.319148936170215,0.4711864293980067,Pass
l3132.txm,47,751.6170212765958,0.4913686072930535,753.2340425531914,0.8132801527428983,133.74468085106383,1.1881312529306471,0.0,0.0,2555.68085106383,641.6101385130523,100.44680851063829,0.7462518119793867,1192.8085106382978,24.736558315553758,9479.0,29.660396666848413,9030.08510638298,31.53798936771336,-1159.6382978723404,791.2770202964406,26.93617021276596,1.1306838123194525,16781.702127659573,224.67376492939306,19449.14893617021,277.95205863784753,25.48936170212766,413.49427588385566,16525.787234042553,357.2574845517866,348.1063829787234,4.5978919676076515,0.19148936170212766,0.3977271225536437,27807.531914893618,180.17151865156134,49.297872340425535,0.4622672677434683,Pass
l3133.txm,46,751.4565217391304,0.5459557059416329,753.1086956521739,1.0376953282167591,133.04347826086956,1.8732802096753631,0.0,0.0,2542.5,648.0058555976857,100.82608695652173,0.7394997656400166,1193.108695652174,25.09114785104678,9483.260869565218,33.39822668786055,9022.369565217392,32.754547569359524,-1431.2173913043478,859.5227593921195,26.934782608695652,1.1431374742453984,16722.32608695652,202.50103476803656,19424.608695652172,310.2838469860858,-63.34782608695652,481.96861204353246,16658.695652173912,329.3134183968704,349.19565217391306,4.602509292488129,0.3695652173913043,0.4880207487471505,27818.304347826088,203.97253296191232,49.84782608695652,0.36315844747302,Pass
l3134.txm,48,751.5208333333334,0.5453705877788384,753.25,0.757936728959879,133.02083333333334,1.9404932837804858,0.020833333333333332,0.1443375672974064,2530.3958333333335,652.2572831226378,100.6875,0.7192268307304428,1192.3125,23.918439650594834,9453.8125,26.160434840878253,9031.166666666666,30.74419739981592,-1349.7916666666667,871.7690734224784,27.791666666666668,1.0097046826172928,16568.041666666668,215.68140001413462,19433.041666666668,319.57231781250397,-35.9375,557.6764640576378,16551.125,252.996982994374,347.9583333333333,4.448085092813296,0.3125,0.4684174352188668,27795.083333333332,202.63370509299747,49.291666666666664,0.4593396431851028,Pass
l3135.txm,47,751.531914893617,0.5043749394606807,753.3617021276596,0.8950475312833003,133.14893617021278,1.9334439131773165,0.0,0.0,2546.7021276595747,636.9894175250112,100.61702127659575,0.795454245107287,1192.127659574468,23.476738738475447,9474.404255319148,27.874454234834946,9018.191489361701,31.919489955792343,-1398.7659574468084,799.7023960787985,27.574468085106382,0.9723275716382787,16648.36170212766,254.63686210929114,19419.787234042553,291.15489200395774,-32.46808510638298,565.9671925913477,16566.63829787234,370.362714430756,349.9148936170213,5.2121504667878344,0.2553191489361702,0.44075454602617337,27798.425531914894,167.04435035679566,49.297872340425535,0.4622672677434684,Pass
l3136.txm,46,751.4782608695652,0.547281379376842,753.1086956521739,0.8226855986359118,133.1086956521739,1.876501009498088,0.0,0.0,2542.804347826087,632.7370041534798,100.69565217391305,0.6950480468569139,1192.3478260869565,22.62763049538658,9468.04347826087,28.515069327356144,9027.58695652174,34.78797754458391,-1461.391304347826,859.1338914734191,27.41304347826087,1.184644099513469,16675.847826086956,252.8754605546472,19427.434782608696,302.70679999511856,8.08695652173913,606.1699001320397,16487.565217391304,398.2642144871455,350.3695652173913,5.685688449088351,0.2391304347826087,0.5650873131628285,27790.130434782608,163.02932370120885,49.32608695652174,0.47395957755848617,Pass
l3137.txm,46,751.4130434782609,0.49782134039889925,753.1304347826087,0.9570486032514146,133.1086956521739,1.6224571334116848,0.0,0.0,2536.586956521739,652.7365157069107,100.78260869565217,0.8670010503200322,1192.9130434782608,24.607881381519963,9457.760869565218,31.159934946878778,9026.521739130434,34.163488717528296,-1199.108695652174,893.8667867009881,27.869565217391305,1.0024125487414821,16510.32608695652,223.49527008147678,19435.521739130436,300.3059727922284,-103.0,483.15601345045206,16626.217391304348,328.3992768325692,348.9347826086956,5.470739027521441,0.1956521739130435,0.40108548367821956,27805.043478260868,193.64790001118996,49.26086956521739,0.4439610898213537,Pass
l3138.txm,48,751.4583333333334,0.5441500627401737,753.1666666666666,0.9070253775176211,132.79166666666666,2.333459976299765,0.041666666666666664,0.20194093652345882,2514.4166666666665,651.3468152673084,100.625,0.7888855592111664,1192.9166666666667,24.698034492676143,9460.541666666666,29.732107677565605,9026.583333333334,38.330496348921166,-1278.4583333333333,922.9770970241925,27.75,1.0619131671036406,16613.208333333332,211.22378556557553,19431.666666666668,293.8036204267847,4.791666666666667,562.4425061239907,16491.5,293.8847653743708,349.3541666666667,5.109397196960903,0.25,0.4837794468468968,27782.875,188.9279526078549,49.333333333333336,0.47639306734033066,Pass
l3139.txm,46,751.4565217391304,0.5852453137742465,753.0,0.8164965809276823,133.2391304347826,1.5660961033189913,0.0,0.0,2533.217391304348,634.0451057576785,100.71739130434783,0.7502012612407021,1191.695652173913,23.427305592897273,9474.5,31.420269466274988,9022.45652173913,31.973396248019082,-1274.4565217391305,901.9676196829473,27.434782608695652,1.204660835865676,16738.739130434784,214.2919539924299,19423.043478260868,303.8484239457217,85.69565217391305,576.4514769813758,16472.304347826088,368.840578001765,349.30434782608694,5.023808051965672,0.2826086956521739,0.45524320622233805,27799.17391304348,180.6042086808513,49.41304347826087,0.49782134039886544,Pass
l3140.txm,47,751.5744680851063,0.49976867914563927,753.1276595744681,0.7694442171660433,133.63829787234042,1.9159006499940243,0.02127659574468085,0.14586499149789453,2492.063829787234,698.9054300726341,100.55319148936171,0.6855182310802441,1194.063829787234,27.831327559236765,9477.553191489362,35.98357627212831,9020.297872340425,37.981640240709226,-1347.6808510638298,930.3923227276568,27.127659574468087,1.0957828505247553,16725.936170212764,215.0805111393643,19443.106382978724,315.5351034039027,-39.8936170212766,410.9402915500516,16629.617021276597,352.77967956314285,348.6808510638298,4.987403188463141,0.3404255319148936,0.4789751624985077,27817.617021276597,202.05192543884175,49.5531914893617,0.5025375018797695,Pass
l3141.txm,47,725.5445071645679,3.826529089341303,753.1063829787234,0.7866838090085071,133.31914893617022,1.6564286225743723,0.0,0.0,2575.872340425532,697.5848901753285,100.51063829787235,0.7184627437477605,1185.3716556999232,21.635755061883447,9463.425531914894,33.5751879666149,9016.72340425532,27.129081241882577,-1199.0,706.2977263596914,28.21276595744681,1.2146957073376883,16400.382978723403,223.5665986944471,19416.340425531915,323.71198125573227,-111.85106382978724,483.86177413207065,16649.191489361703,339.3153361068416,349.1276595744681,5.033008527522372,0.23404255319148937,0.42797632794384316,27787.744680851065,211.65378498706616,48.95744680851064,0.20402970888857969,Fail
l3142.txm,44,751.4772727272727,0.5493605739121684,753.1818181818181,0.6567264579655435,133.8181818181818,2.11608158361131,0.045454545454545456,0.21070705494148548,2505.2954545454545,645.4510079779786,100.6590909090909,0.7453165963217553,1187.093549307835,36.78688416989489,9546.522727272728,50.473796395966524,9148.136363636364,52.32794215957094,-690.9318181818181,821.0529653970656,29.181818181818183,1.2625689439655896,16280.295454545454,207.65642235746066,19469.454545454544,281.7732433651794,-58.79545454545455,397.94048751888187,16586.227272727272,283.8686941491971,349.7149463091022,5.537858939551312,0.22727272727272727,0.4239151057857212,27968.409090909092,241.40001716554858,46.40909090909091,0.923043041607278,Fail
l3143.txm,47,751.4893617021277,0.5466236454873162,752.9574468085107,0.9990745023468611,132.7659574468085,1.7841422973743726,0.02127659574468085,0.14586499149789456,2280.446808510638,620.6152210056894,100.72340425531915,0.7132938799064039,1193.4255319148936,26.44826342688444,9474.27659574468,42.001916171433564,9092.595744680852,48.1964546659626,-444.17021276595744,940.9523926216398,28.4468085106383,1.0592965393065656,16709.893617021276,305.860101157557,19543.31914893617,311.51307505415446,-113.48936170212765,404.0738671354009,16584.212765957447,309.34102021880113,349.11091374009305,3.9929220629013082,0.2127659574468085,0.4136880894317001,27744.893617021276,188.3552649328842,49.851063829787236,0.3598745798587224,Fail
l3301.txm,47,751.5106382978723,0.5052911526399394,753.0425531914893,0.779002896922414,133.5531914893617,1.571602763150845,0.0,0.0,758.0212765957447,180.0985828302525,100.76595744680851,0.8132801527428983,1235.4468085106382,24.40314351689167,9380.531914893618,28.81866172543025,8995.234042553191,27.509850224773253,-696.7021276595744,684.129561683522,28.319148936170212,0.593676202872861,16564.787234042553,253.1407871014814,19318.212765957447,256.4792504676431,177.85106382978722,520.8310240343501,16513.063829787236,276.56962361538024,349.59574468085106,4.291850591366406,0.2765957446808511,0.4521507857175268,28248.68085106383,181.58973184710607,49.170212765957444,0.4809026357287694,Pass
l3302.txm,47,751.5957446808511,0.5380954525023357,753.1276595744681,0.7406525112769258,133.63829787234042,1.6736517210149295,0.0,0.0,767.4255319148937,184.11418298824313,100.68085106382979,0.8872621047656615,1234.7021276595744,25.262031049896983,9411.27659574468,33.52267378543032,8989.808510638299,30.87466831215741,-1143.787234042553,851.3686407439395,28.51063829787234,1.1008364492814586,16500.787234042553,283.0083679950591,19306.68085106383,255.5870570975411,62.680851063829785,475.45008910930136,16528.212765957447,252.89256493361893,350.06382978723406,5.4669133462691,0.2127659574468085,0.41368808943170016,28238.808510638297,194.37420636470233,49.148936170212764,0.4652593201297751,Pass
l3303.txm,48,751.5208333333334,0.5048523413086996,753.0833333333334,0.7389853116132428,133.22916666666666,1.7532897144211608,0.0,0.0,765.1041666666666,190.3829555645766,100.625,0.7033355181304509,1235.0833333333333,23.942158431407353,9434.625,26.702956247210246,8983.3125,31.80201803445544,-1009.25,737.8773899186717,28.125,1.023656358562545,16688.6875,265.59176450398456,19311.541666666668,265.59455248942305,50.479166666666664,555.3353209599348,16575.375,196.90462374221653,348.1666666666667,5.513362233752416,0.3125,0.4684174352188668,28233.291666666668,192.92220439947968,49.166666666666664,0.42941490789278386,Pass
l3304.txm,49,751.6122448979592,0.5706840387717173,752.8571428571429,0.8660254037844517,133.40816326530611,1.5931934302282451,0.0,0.0,770.5510204081633,190.6478058734318,100.46938775510205,0.7101068234288903,1234.4285714285713,22.57487541493858,9419.204081632653,30.070042949639888,9006.551020408164,30.880860593908608,-779.734693877551,805.4135266927121,28.142857142857142,0.9999999999999996,16648.48979591837,288.21867583840054,19319.673469387755,276.77648832550165,30.285714285714285,640.1038001761901,16556.285714285714,369.32799334286386,349.6734693877551,5.0760374764756255,0.22448979591836735,0.42156979070537554,28207.38775510204,204.54266224988862,49.142857142857146,0.40824829046386213,Pass
l3305.txm,47,751.6382978723404,0.4856878544414293,753.2340425531914,0.5975590186404662,133.27659574468086,1.6245685401732446,0.02127659574468085,0.14586499149789456,782.7659574468086,182.73004711940237,100.59574468085107,0.7119958007962738,1233.0,21.090900572439313,9444.468085106382,31.549030897973577,8993.234042553191,30.497478702600198,-945.2765957446809,828.0365383170957,28.48936170212766,1.1008364492814573,16585.574468085106,253.61840084464194,19296.382978723403,246.88868757357915,-130.17021276595744,560.1279480831739,16613.787234042553,235.8449136864061,349.8510638297872,4.894445491549599,0.2127659574468085,0.4136880894317001,28232.127659574468,197.90089933460786,49.12765957446808,0.44804023871094717,Pass
l3306.txm,47,751.6170212765958,0.4913686072931262,753.1276595744681,0.7106953507594623,133.38297872340425,1.4678169458396315,0.02127659574468085,0.14586499149789456,783.3191489361702,181.18812063744548,100.57446808510639,0.7145896010104946,1233.1489361702127,20.78354148526542,9445.106382978724,34.049346570091174,8994.106382978724,33.13492446409769,-1305.9787234042553,994.558925383109,28.70212765957447,1.1212356075761154,16597.72340425532,274.76525175277885,19317.063829787236,239.9974097917568,63.340425531914896,587.3718278908302,16488.893617021276,247.33389103401117,350.0,4.804888814711441,0.2553191489361702,0.44075454602617337,28219.787234042553,189.6207813058811,49.1063829787234,0.4290557151006147,Pass
l3307.txm,47,751.5531914893617,0.5025375018798134,753.1489361702128,0.6908949270221931,133.2340425531915,1.5909084902145805,0.02127659574468085,0.1458649914978945,783.0212765957447,186.90063500039872,100.63829787234043,0.6732636900202792,1233.340425531915,22.10575037891694,9423.595744680852,29.2096318051814,8995.234042553191,34.55758443523183,-1028.2553191489362,1064.8016240654388,28.4468085106383,1.2989713428290917,16520.787234042553,343.7337149451742,19308.17021276596,252.53112758188902,-7.191489361702128,601.976658448896,16502.893617021276,304.0620098399944,348.8936170212766,4.635562170087613,0.3191489361702128,0.47118642939800764,28220.127659574468,192.49998498263932,49.12765957446808,0.44804023871094717,Pass
l3308.txm,47,751.5957446808511,0.49605287534107373,753.1489361702128,0.7511939309686547,133.40425531914894,2.232755895729923,0.0425531914893617,0.20402970888857871,784.5531914893617,186.68862806365215,100.61702127659575,0.7387766471133704,1234.0,21.995058733625925,9441.872340425532,28.180024548139816,8983.425531914894,29.31073751972223,-1180.3829787234042,1037.5134269050814,28.319148936170212,1.4158479250615208,16670.425531914894,222.02259429487864,19311.744680851065,256.7538550648402,16.46808510638298,530.6131339048633,16570.72340425532,306.2171510068759,347.8510638297872,4.5539219762093435,0.2978723404255319,0.4622672677434689,28231.574468085106,187.80282730205457,49.1063829787234,0.4290557151006147,Pass
l3309.txm,47,751.4468085106383,0.5025375018797631,753.0851063829788,0.8029778066683241,133.51063829787233,1.7178391434733338,0.0,0.0,792.936170212766,186.61928278383505,100.44680851063829,0.6855182310802405,1234.404255319149,22.535633208483556,9449.744680851063,28.976353241540693,8979.765957446809,30.534522704321848,-1188.8085106382978,791.5343832872925,28.617021276595743,1.3601980592571912,16572.893617021276,271.61499558738853,19307.23404255319,280.52607510873463,-25.106382978723403,513.8330905638248,16556.08510638298,306.3473326987183,350.3829787234043,4.508702654863397,0.2765957446808511,0.4521507857175269,28226.212765957447,199.19194764698878,49.08510638297872,0.45824747605000365,Pass
l3310.txm,47,751.531914893617,0.5043749394606358,753.0851063829788,0.7754322002163054,133.14893617021278,1.8530670628219215,0.0425531914893617,0.20402970888857871,792.2553191489362,185.49375567658507,100.59574468085107,0.648059795553157,1233.468085106383,22.072854727440454,9439.425531914894,24.82262702074294,8987.872340425532,28.97496447180669,-1115.8085106382978,840.0744438621748,28.0,1.122884484360432,16704.744680851065,226.48903112754104,19313.659574468085,281.4485261916759,-44.0,461.2992992388574,16492.340425531915,316.8816317612003,351.06382978723406,4.254942166465133,0.23404255319148937,0.42797632794384316,28197.27659574468,194.36783842561437,49.06382978723404,0.3233153877609252,Pass
l3311.txm,47,751.531914893617,0.5043749394607258,753.0212765957447,0.6753215563272591,133.4255319148936,1.9195185181056706,0.0,0.0,788.6808510638298,189.93489804380891,100.72340425531915,0.6821362754189002,1233.936170212766,22.662365139356634,9432.829787234043,29.61588817784198,8989.872340425532,34.10062923126976,-1248.787234042553,922.0300838289722,28.93617021276596,1.186962790507753,16536.872340425532,272.7951626038401,19317.489361702126,273.82173448371395,-91.23404255319149,499.0975862043831,16616.85106382979,232.23029974232244,349.4468085106383,5.613680923067585,0.2765957446808511,0.4521507857175268,28205.702127659573,206.36732919866935,49.12765957446808,0.33731814917823727,Pass
l3312.txm,47,751.5106382978723,0.5052911526399361,753.2127659574468,0.8323923148206254,133.63829787234042,1.7498513218195484,0.02127659574468085,0.14586499149789453,783.0212765957447,197.45131368668012,100.61702127659575,0.6098179161371126,1233.340425531915,21.21348688692977,9415.04255319149,30.349383953928793,8989.659574468085,33.94834733490725,-1182.468085106383,907.9478736968335,28.97872340425532,1.1513576428858392,16545.297872340427,282.8366339728879,19328.978723404256,287.41180041140717,-38.702127659574465,445.95558927327096,16512.936170212764,247.12709318286764,349.21276595744683,4.680840551665934,0.23404255319148937,0.42797632794384316,28195.744680851065,200.0172240501901,49.08510638297872,0.35076235198074723,Pass
l3313.txm,46,751.5434782608696,0.5459557059416226,753.3478260869565,0.7664460930336583,133.43478260869566,1.6819588304255166,0.021739130434782608,0.1474419561548971,793.7608695652174,189.62866459157124,100.56521739130434,0.6880624620561909,1233.3695652173913,21.196811810219796,9426.282608695652,33.699101896029916,8990.869565217392,31.060234452611738,-1251.1304347826087,842.4182547535571,28.97826086956522,1.0432668868038741,16448.760869565216,272.4913197216962,19322.608695652172,277.3925800706661,-38.82608695652174,477.8792178572985,16509.521739130436,303.0022177498915,350.1521739130435,4.575137599894782,0.2391304347826087,0.43126597148888435,28219.043478260868,209.57003141583175,49.02173913043478,0.33260790628557085,Pass
l3314.txm,46,751.4347826086956,0.5831780331575629,753.1304347826087,0.7777087616032373,133.3695652173913,1.889840624111214,0.021739130434782608,0.1474419561548971,799.2391304347826,190.275260817656,100.54347826086956,0.6220582944862402,1234.0434782608695,21.118666331775056,9448.41304347826,28.83098340093048,8978.04347826087,25.477621135890253,-1338.8695652173913,742.3447419777613,28.73913043478261,1.1042298997480466,16568.565217391304,209.02393825417533,19314.217391304348,267.6346525515284,16.02173913043478,552.785451212732,16552.82608695652,296.8083784642374,349.7173913043478,5.55642988289047,0.2391304347826087,0.4312659714888844,28203.91304347826,204.35479235736088,49.06521739130435,0.32674651493803974,Pass
l3315.txm,47,751.4893617021277,0.5466236454872745,753.0851063829788,0.7754322002162963,133.08510638297872,1.9981490046936874,0.0,0.0,791.0212765957447,191.42287462257394,100.65957446808511,0.66843736478319,1234.1063829787233,23.09454485046498,9457.234042553191,28.36885368479777,8986.170212765957,32.633218038050586,-1104.340425531915,769.8884808174929,27.93617021276596,1.1306838123194531,16756.76595744681,248.94134220612943,19313.91489361702,260.1631452851521,67.1063829787234,542.7701184480508,16586.0,311.13676567792805,349.06382978723406,3.472902903781422,0.2978723404255319,0.462267267743469,28221.82978723404,189.32733548802884,49.08510638297872,0.4080594177771577,Pass
l3316.txm,48,751.5833333333334,0.5392403377381623,753.2291666666666,0.8565041101945277,133.45833333333334,1.7376718752685414,0.041666666666666664,0.20194093652345885,782.6458333333334,197.7331631569594,100.8125,0.7338690821851226,1234.4375,22.291975705420633,9438.666666666666,30.889875318025155,8993.208333333334,37.44781238580203,-1223.6875,839.7273153207204,28.541666666666668,0.9666422105001238,16615.541666666668,230.5639670629431,19324.041666666668,270.02962472097545,63.083333333333336,480.4900350255614,16531.375,301.3513270925238,350.0416666666667,4.82439868740505,0.25,0.4375949744936836,28216.458333333332,207.29719218196115,49.104166666666664,0.3712877723937026,Pass
l3317.txm,47,751.531914893617,0.545776822909811,753.2340425531914,0.8132801527428992,132.85106382978722,1.8055316380050503,0.0,0.0,794.6595744680851,190.5245934821909,100.53191489361703,0.620345760173038,1233.5531914893618,20.629030315719707,9437.553191489362,27.885486727467374,8989.468085106382,29.567793189204426,-1280.7021276595744,919.3624897743381,28.70212765957447,1.0614775104013667,16620.85106382979,240.64875890369157,19310.08510638298,272.31661797534963,-79.85106382978724,438.8765290723381,16556.042553191488,308.39880712612603,350.8510638297872,4.934257899378219,0.2553191489361702,0.44075454602617337,28210.55319148936,190.65822010017533,49.06382978723404,0.32331538776092333,Pass
l3318.txm,47,751.4468085106383,0.5440792237029219,753.3158107220545,0.7848705930858965,133.31914893617022,1.8778616768377259,0.02127659574468085,0.14586499149789453,735.0425531914893,176.01987998479387,100.48936170212765,0.6551581430574084,1232.063829787234,19.76646727395003,9483.595744680852,30.666267811695118,9040.0,35.19449067557431,-845.8085106382979,789.2795734993942,27.659574468085108,1.20283353405128,16930.255319148935,239.40364932065785,19442.68085106383,265.5014211362089,91.65957446808511,552.489947836777,16557.489361702126,273.5968052461286,350.5198796475392,5.234265180323117,0.2553191489361702,0.4407545460261734,28090.468085106382,201.61401468107005,49.06382978723404,0.3847221085830152,Fail
l3319.txm,51,751.7647058823529,0.4284033283772138,753.1599058201587,0.7378329539349908,133.58834118705988,1.9614148835674625,0.0,0.0,802.156862745098,185.79379672626527,100.52941176470588,0.7029350233548126,1228.6078431372548,9.824618936879984,9435.0,27.60144923731322,9001.862745098038,33.960576913735416,-1244.450980392157,696.9772539681761,28.058823529411764,1.0278475510674188,16707.21568627451,238.36487272460917,19334.470588235294,263.4684309697205,52.8235294117647,512.2433681711204,16478.470588235294,302.8331786935621,348.94117647058823,4.847315812718961,0.27450980392156865,0.45070750482098787,28152.07843137255,209.76709400068043,48.1764705882353,0.3850133687518476,Fail
l3320.txm,48,751.5033109625396,0.5751586780731026,753.2291666666666,0.7505907838647554,133.44278802880288,1.5964378618051474,0.0,0.0,785.625,186.36233582128648,100.45833333333333,0.6174185563771666,1234.4583333333333,26.614632300339387,9437.979166666666,31.344679268413483,8957.229166666666,34.93899825826146,-906.625,973.9793484856831,26.229166666666668,1.3564594610616079,16593.875,337.9539578989636,19328.458333333332,249.1566164153504,-18.1875,417.37954849273586,16504.75,334.0255118298473,349.9791666666667,5.01270548826248,0.3125,0.4684174352188668,28169.5,198.4765380850164,49.020833333333336,0.32548381881755106,Fail
l3321.txm,47,751.5106382978723,0.5052911526399935,753.2553191489362,0.7362680604231195,133.4255319148936,1.6516747870631634,0.0,0.0,796.8085106382979,192.20953673777734,100.53191489361703,0.6203457601730374,1233.5744680851064,21.71329454589981,9451.63829787234,30.89563465148519,8980.617021276596,29.05658137787569,-1092.5744680851064,952.1859917118142,28.574468085106382,1.0372346355462134,16595.021276595744,253.45040586496918,19314.978723404256,259.232268636993,-63.829787234042556,495.67719681387206,16590.382978723403,284.8421800402193,349.9148936170213,5.081209147582891,0.2765957446808511,0.45215078571752687,28206.72340425532,195.77068463401872,49.12765957446808,0.448040238710947,Pass
l3322.txm,46,751.6304347826087,0.5316095330711983,753.1739130434783,0.7394997656400266,133.32608695652175,1.4614201285977086,0.021739130434782608,0.14744195615489714,804.195652173913,192.0421967016876,100.65217391304348,0.6043321862224031,1234.0434782608695,22.768356717884856,9443.804347826086,28.734508533753203,8996.326086956522,34.397709450761205,-599.6304347826087,1014.2568458114355,28.152173913043477,1.3819051471605395,16760.456521739132,239.66946744044856,19305.521739130436,277.7923076393119,-99.58695652173913,476.45550456059055,16611.739130434784,281.9836429284986,350.2391304347826,5.354893017330338,0.32608695652173914,0.47395957755848783,28217.0,202.9759701157863,49.04347826086956,0.3624927119040799,Pass
l3323.txm,47,751.531914893617,0.5043749394606649,753.3191489361702,0.6949001485582292,133.36170212765958,1.4806803946437348,0.02127659574468085,0.14586499149789453,795.6808510638298,196.61561554851338,100.55319148936171,0.6530367403705728,1234.4468085106382,23.332016173563005,9425.425531914894,23.592320674736836,8990.446808510638,30.128571237453276,-958.7234042553191,857.4998973793236,29.0,1.021507836910495,16590.787234042553,261.237434577802,19297.23404255319,272.3752377149183,-75.31914893617021,548.6043599496651,16621.744680851065,276.4251976878073,349.59574468085106,4.465615369582026,0.2553191489361702,0.44075454602617337,28220.212765957447,208.4415188728223,49.08510638297872,0.3507623519807501,Pass
l3324.txm,46,751.5869565217391,0.5406205059013642,753.2608695652174,0.976041497494352,133.93478260869566,1.781412347462209,0.021739130434782608,0.1474419561548971,807.1521739130435,196.25855592291222,100.52173913043478,0.9366401048376846,1234.6739130434783,24.447725954530572,9420.804347826086,27.28908578348673,8983.847826086956,30.64852172712349,-1035.1304347826087,815.495748573853,28.47826086956522,1.2062638450057734,16518.043478260868,231.34120606409238,19288.347826086956,278.2958631378022,-4.065217391304348,460.52788079062833,16584.91304347826,283.91664082472863,349.39130434782606,4.818843848751209,0.30434782608695654,0.4652151338606117,28236.82608695652,219.44154416232965,49.108695652173914,0.433500525160016,Pass
l3325.txm,46,751.6304347826087,0.5718856005327176,753.2173913043479,0.5542980938191978,133.54347826086956,1.9855760064260144,0.06521739130434782,0.24963741822833801,807.9782608695652,204.8186720145336,100.6304347826087,0.9032950951851241,1234.804347826087,23.62919057739803,9443.91304347826,31.16538399282584,8970.239130434782,29.013548392745136,-974.4782608695652,894.2392356791438,27.652173913043477,1.3534711145683958,16634.130434782608,232.1907844563896,19319.0,303.56716262175274,76.3913043478261,584.8373934792423,16536.260869565216,293.2780580331082,351.32608695652175,5.146970404794073,0.30434782608695654,0.4652151338606116,28236.260869565216,219.6808224859769,49.15217391304348,0.4698648176442907,Pass
l3326.txm,45,751.5333333333333,0.5477225575051975,753.3111111111111,0.8208150667095432,133.37777777777777,1.8001122299467973,0.022222222222222223,0.14907119849998596,812.6444444444444,198.07908837766107,100.26666666666667,0.9390517460812143,1233.7777777777778,22.521594575478506,9443.711111111112,30.419507961938983,8969.866666666667,40.14270000431405,-1271.0444444444445,904.4628731401243,29.022222222222222,1.0332844563220578,16337.066666666668,365.38494022804844,19326.533333333333,299.5203438226456,56.4,616.4761441967049,16460.266666666666,305.5690964860036,349.1333333333333,4.5557156907060685,0.2222222222222222,0.5595813731096784,28230.977777777778,203.2247400035123,49.13333333333333,0.4572645941803345,Pass
l3327.txm,45,751.5777777777778,0.4994946941609241,753.1777777777778,0.6497862896539689,133.8,1.7002673586554247,0.0,0.0,811.2222222222222,193.93659799120962,100.4888888888889,1.0791878727295223,1233.911111111111,22.736456730248534,9423.955555555556,25.82718401884808,8983.6,40.30362041035327,-1209.3777777777777,994.9431525306742,28.466666666666665,1.3751033019046566,16619.866666666665,208.589156869758,19288.88888888889,278.60123198694964,94.8,554.1208269945203,16486.844444444443,325.4008685491254,349.46666666666664,4.475184099818992,0.2222222222222222,0.4204374825912608,28248.044444444444,203.85399806050498,49.15555555555556,0.4746077593682202,Pass
l3328.txm,47,751.4468085106383,0.5440792237029184,753.1063829787234,0.7585467384984054,133.46808510638297,1.7426998523004862,0.0,0.0,797.8297872340426,200.85353945306346,100.61702127659575,0.8981428057594544,1234.936170212766,23.662853162636225,9426.574468085106,28.74985420065212,8987.021276595744,31.559115930819004,-829.468085106383,874.8860261439232,28.617021276595743,1.1712719115738273,16615.382978723403,220.24004228504054,19303.659574468085,274.14921964980704,39.808510638297875,592.2512920791922,16552.72340425532,233.54598300862116,348.4255319148936,4.61446063950322,0.2127659574468085,0.4136880894317001,28243.957446808512,219.35933964386234,49.148936170212764,0.4652593201297766,Pass
l3329.txm,45,751.6444444444444,0.4840903163082227,753.2666666666667,0.8090398349558782,133.2,1.8659630708613129,0.044444444444444446,0.2084090771399927,804.2666666666667,192.55086695114193,100.5111111111111,0.8692269873603536,1233.5333333333333,21.5022197585611,9434.355555555556,30.522834638077846,8991.555555555555,37.51518211189827,-753.9777777777778,870.4720372744708,28.555555555555557,1.1590661514488054,16639.31111111111,246.78200006393485,19278.48888888889,269.72887247468515,64.4888888888889,531.6649501254706,16503.955555555556,259.8028934295061,349.6222222222222,5.001312958927012,0.3111111111111111,0.46817936647391795,28232.8,202.11310964632938,49.13333333333333,0.4572645941803345,Pass
l3330.txm,46,751.6304347826087,0.4880207487471729,753.1521739130435,0.7878914562678562,133.15217391304347,1.6188801520989409,0.021739130434782608,0.14744195615489714,794.0869565217391,200.0013140053454,100.43478260869566,0.9345747437689637,1235.6304347826087,23.882451666119675,9442.58695652174,26.778578575634054,8980.260869565218,38.7369675762673,-1075.3695652173913,942.3541999504494,29.130434782608695,1.3921796763376952,16512.0,344.60663564901495,19313.347826086956,281.71129566682293,-11.58695652173913,501.47159335020973,16524.434782608696,264.92058786435666,348.5869565217391,4.95569744819713,0.15217391304347827,0.36315844747302034,28223.217391304348,206.46290094978107,49.17391304347826,0.4373835248681504,Pass
l3331.txm,47,751.4255319148937,0.5415228467244041,753.2765957446809,0.7431462978321003,133.5744680851064,1.9195185181056724,0.0,0.0,790.5744680851063,198.69189002079827,100.23404255319149,0.9374518180649767,1235.063829787234,24.091676584788583,9424.212765957447,29.296042298527258,8987.936170212766,34.44176197035444,-858.6382978723404,865.7331255001995,28.659574468085108,1.2207730221084747,16685.44680851064,214.49321551149893,19286.59574468085,275.51719425350825,-7.404255319148936,694.7453915730089,16564.978723404256,353.2012290934414,350.0,4.648515424538658,0.40425531914893614,1.2097354088733456,28239.702127659573,196.0709626300615,49.170212765957444,0.4333463789871961,Pass
l3332.txm,45,751.4444444444445,0.5025189076296276,753.0666666666667,0.7198484689028767,133.15555555555557,1.8458252103248411,0.0,0.0,792.7333333333333,193.51337750328085,100.71111111111111,0.8152585262641933,1234.8222222222223,23.388311852571334,9428.822222222223,32.87669033946046,8985.222222222223,28.189205613697514,-1356.3333333333333,934.8510576557104,28.88888888888889,0.982164173978293,16489.37777777778,242.57550735323113,19293.955555555556,280.1274024728068,-49.75555555555555,442.96435089250264,16502.0,294.0803848053669,350.26666666666665,5.100802075966278,0.15555555555555556,0.3665288997383895,28234.844444444443,186.96644759221516,49.17777777777778,0.49031014715589955,Pass
l3333.txm,46,751.5434782608696,0.5036101551853105,753.3913043478261,0.7739727491488981,133.58695652173913,1.5140246138689377,0.0,0.0,786.804347826087,194.67141770060957,100.78260869565217,0.8141264842560704,1234.5652173913043,23.60287381176098,9433.065217391304,28.05977918176596,8975.152173913044,33.191677264240994,-1064.0434782608695,945.5032512200224,28.47826086956522,1.1301746263256554,16684.82608695652,205.85067990040542,19289.782608695652,291.20721244452375,-9.521739130434783,498.5894208946068,16529.695652173912,327.2910950049898,349.3478260869565,4.191087852968998,0.32608695652173914,0.47395957755848783,28228.82608695652,213.53764220314946,49.17391304347826,0.4373835248681478,Pass
l3334.txm,46,751.5,0.547722557505111,752.9130434782609,0.8386785096281256,132.52173913043478,2.2680302803659838,0.0,0.0,790.1086956521739,190.1341313986137,100.69565217391305,0.9157769067819775,1234.608695652174,23.61024096151646,9428.108695652174,28.047759475476827,8982.739130434782,31.82552070455307,-858.9565217391304,904.5188274318806,28.695652173913043,1.2448929488539462,16677.130434782608,231.78118116453942,19294.347826086956,258.0832955454766,-35.69565217391305,410.1803326757753,16617.869565217392,302.1994638347806,348.5652173913044,4.539467290886032,0.2391304347826087,0.43126597148888435,28255.043478260868,203.47808580032725,49.15217391304348,0.41991487520146215,Pass
l3335.txm,46,751.6521739130435,0.525669575318456,753.1086956521739,0.7372097807744787,133.19565217391303,1.973373481769411,0.021739130434782608,0.14744195615489714,780.195652173913,192.83022118666605,100.67391304347827,0.7617041661399608,1234.6521739130435,23.834818034225446,9423.58695652174,26.678810640620213,8986.565217391304,37.57579136383317,-634.5217391304348,942.8062305722194,28.695652173913043,0.9858908034506155,16645.021739130436,200.50275577274257,19283.956521739132,261.5133696621977,36.41304347826087,431.7427513944415,16539.08695652174,362.79304330503754,349.0,4.704607670500634,0.2826086956521739,0.455243206222338,28236.391304347828,210.59180930161384,49.17391304347826,0.4373835248681478,Pass
l3336.txm,46,751.4347826086956,0.5012062743707352,753.195652173913,0.687008498003119,133.3695652173913,1.7173454405910455,0.0,0.0,775.3478260869565,194.13125197960548,100.30434782608695,0.9157769067819768,1234.891304347826,23.47881149828459,9440.91304347826,27.09885285555374,8986.021739130434,30.94618205166676,-932.4347826086956,850.4889221872822,28.434782608695652,1.2587855507599106,16692.456521739132,232.63664625063836,19312.08695652174,265.198276019782,-58.21739130434783,759.4257746787218,16513.08695652174,335.8649745945842,348.2608695652174,4.7908931322698916,0.17391304347826086,0.38322304651683275,28223.608695652172,202.3241050351178,49.15217391304348,0.41991487520146215,Pass
l3337.txm,46,751.5217391304348,0.5472813793767892,753.2173913043479,0.7575704874651968,133.47826086956522,1.735116140010129,0.0,0.0,780.0869565217391,187.25903937083245,100.76086956521739,0.8481295133985047,1234.4130434782608,23.574540020922267,9419.173913043478,31.508238321518483,8983.173913043478,28.843103814970924,-1038.5,873.3110366110499,28.630434782608695,0.9743076322798865,16623.304347826088,230.8346083782093,19289.695652173912,265.3949567941865,13.891304347826088,559.4362332150256,16524.565217391304,235.9471364685956,348.4782608695652,4.199148752014621,0.2608695652173913,0.44396108982135163,28253.478260869564,208.32087846828392,49.15217391304348,0.41991487520146215,Pass
l3338.txm,46,751.6521739130435,0.4815434123430962,753.1086956521739,0.7667611787995159,133.08695652173913,1.616939316617417,0.0,0.0,769.3695652173913,191.8182425220584,100.08695652173913,0.8386785096281411,1234.391304347826,23.14061197776139,9424.41304347826,27.779749688462108,8982.152173913044,29.439178273030983,-672.0652173913044,796.3009314511391,28.717391304347824,1.108814050701838,16664.260869565216,250.5922260727899,19297.956521739132,283.99796216183984,-0.1956521739130435,435.6657546312931,16557.260869565216,329.06476463406364,348.82608695652175,4.748353388637114,0.3695652173913043,0.5316095330711949,28248.130434782608,203.2926307562741,49.17391304347826,0.4373835248681478,Pass
l3339.txm,48,751.593115239359,0.6184450605230267,753.1041666666666,0.691578008502288,133.625,2.0172131608162283,0.041666666666666664,0.20194093652345885,732.9583333333334,169.89132425388172,100.54166666666667,0.9443749105261143,1237.5236619872778,41.82635880402247,9428.1875,35.47468755953723,8991.166666666666,36.9924278239753,-965.2083333333334,901.9083540349396,29.0625,1.3112646161690706,16330.770833333334,375.48523157536516,19287.25,256.534556587225,-75.20833333333333,401.05254912931366,16546.375,266.72438759170444,349.4583333333333,4.4241038680687765,0.2708333333333333,0.4942039949782704,28264.5,191.60264734101474,50.916666666666664,0.7389853116132564,Fail
l3340.txm,45,751.4888888888889,0.5486438744851996,753.2222222222222,0.7654139963827429,133.48888888888888,1.53181743248491,0.022222222222222223,0.14907119849998596,761.2222222222222,187.6843201772701,100.62222222222222,0.9603240193925299,1232.4216470473543,16.775728583661746,9444.044444444444,31.082701675278166,9056.777777777777,41.472821817365435,-190.0888888888889,774.0767762667703,29.533333333333335,1.375103301904657,16494.777777777777,317.8956295911149,19312.31111111111,243.598386155107,-74.22222222222223,400.620932195425,16464.88888888889,271.96074434492635,348.6341351660939,5.019563184341908,0.2,0.4045199174779453,28318.133333333335,224.93247471589748,48.06666666666667,0.3931226965534472,Fail
l3341.txm,46,751.5869565217391,0.5802714673714253,753.2391304347826,0.7655000575860901,133.17391304347825,1.5819024808556315,0.0,0.0,856.5869565217391,203.2892385069943,100.3695652173913,0.8526741113090152,1234.195652173913,22.81093262764575,9435.347826086956,25.752857352840632,8922.239130434782,27.167942532501158,-1027.6739130434783,913.232501839186,27.956521739130434,1.1538634954723093,16613.717391304348,250.18230357911895,19119.695652173912,265.24620592659534,-55.41304347826087,296.05304150040837,16619.08695652174,275.15319580084906,347.9273868220529,4.9552587593364565,0.21739130434782608,0.4170288281141495,28311.82608695652,182.67339456561658,49.15217391304348,0.36315844747301884,Fail
l3342.txm,46,751.5434782608696,0.5036101551853385,753.2391304347826,0.7050542172594776,132.8913043478261,2.1932042603315076,0.0,0.0,759.4130434782609,189.07888725044026,100.26086956521739,0.8802722459859448,1235.5,24.175975218753397,9434.173913043478,28.959208359212294,8974.934782608696,32.70773077078129,-1240.3695652173913,765.225060828386,29.26086956521739,1.0632190661423915,16395.608695652172,338.4472043686074,19306.434782608696,271.8325998088535,-45.23913043478261,523.5614443313584,16486.0,265.155384214196,349.9782608695652,5.101150765311173,0.1956521739130435,0.40108548367821956,28223.17391304348,194.03302174261546,49.15217391304348,0.41991487520146215,Pass
l3343.txm,45,751.6,0.49543369430682027,753.0888888888888,0.7926429387074776,133.66666666666666,1.7188791273808284,0.044444444444444446,0.2084090771399927,774.9111111111112,171.47353655119417,100.35555555555555,1.0903618155864065,1233.0222222222221,20.50774675013509,9420.733333333334,24.07979160284332,8980.333333333334,36.628354640037955,-938.6888888888889,1019.6276687243648,29.488888888888887,0.8692269873603524,16631.933333333334,229.34644298329766,19285.28888888889,267.7811710250653,-3.2222222222222223,457.1072029070368,16543.555555555555,350.2180850137625,349.24444444444447,4.681470027262986,0.17777777777777778,0.3866457674602808,28246.044444444444,197.93777208042445,49.13333333333333,0.45726459418033444,Pass
